City_ID,City,Country,Date,Lat,lng,Max Temp,Humidity,Cloudiness,Wind Speed
0,Pevek,RU,2022-07-19- 23:01;57,69.7008,170.3133,32.47,97,100,12.66
1,Hobart,AU,2022-07-19- 22:55;31,-42.8794,147.3294,40.05,86,20,10.36
2,Sinnamary,GF,2022-07-19- 23:01;57,5.3833,-52.95,77.68,84,91,10.02
3,Weligama,LK,2022-07-19- 23:01;58,5.9667,80.4167,77.54,89,93,11.83
4,Paducah,US,2022-07-19- 22:59;16,37.0834,-88.6001,91.11,70,40,5.75
5,Hermanus,ZA,2022-07-19- 23:01;58,-34.4187,19.2345,51.75,77,21,3.53
6,Lebu,CL,2022-07-19- 22:58;31,-37.6167,-73.65,47.95,79,31,1.43
7,Punta Arenas,CL,2022-07-19- 23:00;57,-53.15,-70.9167,39.11,69,78,36.17
8,Huarmey,PE,2022-07-19- 23:01;59,-10.0681,-78.1522,64.22,80,68,9.57
9,Yingkou,CN,2022-07-19- 23:00;19,40.6648,122.2283,74.39,84,100,7.58
10,Busselton,AU,2022-07-19- 22:59;43,-33.65,115.3333,58.89,81,100,13.98
11,Dingle,PH,2022-07-19- 23:01;06,10.9995,122.6711,79.12,87,67,2.66
12,Stroud,GB,2022-07-19- 23:01;59,51.75,-2.2,68.92,97,21,11.25
13,Mount Darwin,ZW,2022-07-19- 23:02;00,-16.7725,31.5838,55.72,85,32,3.49
14,Cape Town,ZA,2022-07-19- 23:01;02,-33.9258,18.4232,59.38,75,1,5.99
15,Nikolskoye,RU,2022-07-19- 23:02;00,59.7035,30.7861,56.79,95,30,5.35
16,Saint Anthony,US,2022-07-19- 23:00;41,45.0205,-93.218,87.75,35,40,17.27
17,Kavieng,PG,2022-07-19- 23:02;01,-2.5744,150.7967,82.18,77,100,9.91
18,Poum,NC,2022-07-19- 23:02;01,-20.2333,164.0167,76.21,83,33,7.43
19,Puerto Ayora,EC,2022-07-19- 23:02;01,-0.7393,-90.3518,69.55,95,54,4.0
20,New Norfolk,AU,2022-07-19- 23:00;50,-42.7826,147.0587,40.71,89,4,2.17
21,Mataura,NZ,2022-07-19- 22:59;46,-46.1927,168.8643,44.47,76,94,4.12
22,Mecca,SA,2022-07-19- 23:02;02,21.4267,39.8261,90.81,19,79,1.23
23,Albacete,ES,2022-07-19- 23:02;02,38.8333,-2.0,79.18,41,0,9.22
24,Istok,XK,2022-07-19- 23:02;03,42.7808,20.4875,63.36,50,0,5.77
25,Andros Town,BS,2022-07-19- 23:02;03,24.7,-77.7667,83.7,73,1,13.42
26,Aluksne,LV,2022-07-19- 23:02;04,57.4167,27.05,54.0,97,57,8.39
27,Ushuaia,AR,2022-07-19- 22:59;50,-54.8,-68.3,38.86,75,75,3.44
28,Saint George,US,2022-07-19- 23:01;17,37.1041,-113.5841,108.63,17,0,8.99
29,Cherskiy,RU,2022-07-19- 23:02;04,68.75,161.3,42.67,62,92,11.25
30,Boyolangu,ID,2022-07-19- 23:01;21,-8.1181,111.8935,71.33,92,52,0.83
31,Ghanzi,BW,2022-07-19- 23:02;05,-21.5667,21.7833,51.4,50,6,8.28
32,Lagoa,PT,2022-07-19- 22:59;54,39.05,-27.9833,71.02,92,0,9.37
33,Scarborough,GB,2022-07-19- 23:00;22,54.2797,-0.4044,78.37,61,35,6.89
34,Lavrentiya,RU,2022-07-19- 22:59;47,65.5833,-171.0,43.61,63,99,4.34
35,Ransang,PH,2022-07-19- 23:02;05,8.9603,117.5828,78.42,80,30,3.13
36,Namibe,AO,2022-07-19- 23:02;06,-15.1961,12.1522,61.66,87,42,2.44
37,Yukhnov,RU,2022-07-19- 23:02;06,54.7444,35.2297,54.0,96,50,5.3
38,San Lorenzo,PY,2022-07-19- 23:02;06,-25.3333,-57.5333,62.55,91,2,6.04
39,Maceio,BR,2022-07-19- 22:57;55,-9.6658,-35.7353,76.44,78,40,4.61
40,Floro,NO,2022-07-19- 23:02;07,61.5996,5.0328,67.96,64,100,5.75
41,Klyuchi,RU,2022-07-19- 23:02;07,52.2667,79.1667,58.71,69,4,6.13
42,Kapaa,US,2022-07-19- 23:02;08,22.0752,-159.319,82.47,71,56,5.01
43,Jamestown,US,2022-07-19- 22:58;50,42.097,-79.2353,84.06,64,20,8.01
44,Mount Gambier,AU,2022-07-19- 23:02;08,-37.8333,140.7667,37.98,80,0,3.42
45,Henties Bay,NA,2022-07-19- 23:02;09,-22.116,14.2845,55.36,91,0,10.56
46,Barrow,US,2022-07-19- 23:03;09,71.2906,-156.7887,44.62,70,0,17.27
47,Tabuk,PH,2022-07-19- 23:03;09,17.4189,121.4443,78.08,84,36,3.24
48,East London,ZA,2022-07-19- 23:03;10,-33.0153,27.9116,64.22,80,16,15.3
49,Monrovia,LR,2022-07-19- 23:00;41,6.3005,-10.7969,76.06,77,100,8.7
50,Atuona,PF,2022-07-19- 23:01;00,-9.8,-139.0333,78.49,66,6,13.27
51,Bethel,US,2022-07-19- 23:03;11,41.3712,-73.414,89.69,59,0,5.75
52,Yulara,AU,2022-07-19- 23:03;11,-25.2406,130.9889,49.48,51,0,9.64
53,San Antero,CO,2022-07-19- 23:00;18,9.3741,-75.7589,81.81,87,48,11.95
54,Walvis Bay,NA,2022-07-19- 22:59;37,-22.9575,14.5053,54.09,93,0,6.91
55,Puerto Madryn,AR,2022-07-19- 23:03;12,-42.7692,-65.0385,56.28,46,100,31.14
56,Provideniya,RU,2022-07-19- 22:58;36,64.3833,-173.3,44.37,81,94,8.99
57,Lahij,YE,2022-07-19- 23:03;12,13.1667,44.5833,84.42,51,100,7.96
58,Mahbubabad,IN,2022-07-19- 23:03;12,17.6167,80.0167,76.12,90,74,3.67
59,Butaritari,KI,2022-07-19- 22:59;52,3.0707,172.7902,82.4,76,79,15.3
60,Faanui,PF,2022-07-19- 23:03;13,-16.4833,-151.75,77.68,67,12,6.04
61,Qaanaaq,GL,2022-07-19- 22:59;52,77.484,-69.3632,43.32,69,48,3.09
62,Avera,US,2022-07-19- 23:03;13,33.194,-82.5271,87.85,84,74,12.75
63,Kruisfontein,ZA,2022-07-19- 23:03;14,-34.0033,24.7314,51.89,92,100,13.31
64,Talnakh,RU,2022-07-19- 22:58;59,69.4865,88.3972,52.21,52,36,2.95
65,Northam,GB,2022-07-19- 23:03;14,51.0333,-4.2167,67.39,96,17,11.54
66,Leningradskiy,RU,2022-07-19- 22:59;49,69.3833,178.4167,35.11,94,100,20.24
67,Tasiilaq,GL,2022-07-19- 23:03;15,65.6145,-37.6368,39.36,82,57,3.69
68,Chokurdakh,RU,2022-07-19- 22:59;37,70.6333,147.9167,42.67,68,100,6.73
69,Saskylakh,RU,2022-07-19- 22:56;28,71.9167,114.0833,40.91,67,99,14.88
70,Albany,US,2022-07-19- 22:59;38,42.6001,-73.9662,89.58,45,78,1.99
71,Vaini,TO,2022-07-19- 22:59;42,-21.2,-175.2,77.16,88,20,11.5
72,Samarai,PG,2022-07-19- 23:03;16,-10.6167,150.6667,81.37,76,16,5.3
73,Bredasdorp,ZA,2022-07-19- 22:59;48,-34.5322,20.0403,46.26,87,11,3.76
74,Ixtapa,MX,2022-07-19- 23:01;41,20.7,-105.2,88.23,73,99,5.99
75,Carballo,ES,2022-07-19- 23:03;16,43.213,-8.691,64.09,90,69,3.49
76,Hofn,IS,2022-07-19- 23:00;24,64.2539,-15.2082,50.85,83,100,8.01
77,Rikitea,PF,2022-07-19- 22:56;20,-23.1203,-134.9692,74.01,76,3,8.93
78,Kavaratti,IN,2022-07-19- 23:03;17,10.5669,72.642,81.23,81,100,21.7
79,Victoria,HK,2022-07-19- 22:59;56,22.2855,114.1577,87.33,80,100,5.99
80,Lishui,CN,2022-07-19- 23:03;17,28.4604,119.9103,82.65,86,99,2.35
81,Bluff,NZ,2022-07-19- 22:59;45,-46.6,168.3333,44.8,69,91,12.06
82,Vestmannaeyjar,IS,2022-07-19- 23:03;18,63.4427,-20.2734,53.13,84,100,8.61
83,Quiruvilca,PE,2022-07-19- 23:03;18,-7.9667,-78.2,42.73,49,63,9.33
84,Itaituba,BR,2022-07-19- 23:03;19,-4.2761,-55.9836,82.17,50,64,1.97
85,Sitka,US,2022-07-19- 23:03;19,57.0531,-135.33,55.29,82,100,5.75
86,Tiksi,RU,2022-07-19- 23:01;05,71.6872,128.8694,35.06,91,96,14.09
87,Aklavik,CA,2022-07-19- 22:59;45,68.2191,-135.0107,60.8,72,40,2.3
88,Katsuura,JP,2022-07-19- 23:04;20,35.1333,140.3,81.01,83,80,4.59
89,San Quintin,MX,2022-07-19- 23:04;20,30.4833,-115.95,76.53,62,64,16.24
90,Carnarvon,AU,2022-07-19- 22:59;46,-24.8667,113.6333,64.45,45,58,8.48
91,Port Elizabeth,ZA,2022-07-19- 22:59;45,-33.918,25.5701,55.69,97,100,16.11
92,Pilna,RU,2022-07-19- 23:04;20,55.5539,45.9219,54.19,79,78,9.35
93,Kirakira,SB,2022-07-19- 23:04;21,-10.4544,161.9205,83.19,71,13,6.4
94,Kodiak,US,2022-07-19- 22:59;44,57.79,-152.4072,54.91,71,75,6.91
95,Ostrovnoy,RU,2022-07-19- 23:04;21,68.0531,39.5131,48.94,94,100,10.07
96,Thompson,CA,2022-07-19- 23:04;22,55.7435,-97.8558,90.91,21,89,5.77
97,Mezen,RU,2022-07-19- 23:04;22,65.8522,44.24,68.79,64,100,10.98
98,Mar Del Plata,AR,2022-07-19- 22:59;01,-38.0023,-57.5575,53.1,64,0,15.99
99,Petropavlovsk-Kamchatskiy,RU,2022-07-19- 23:04;23,53.0452,158.6483,55.99,94,100,4.47
100,Peniche,PT,2022-07-19- 23:04;23,39.3558,-9.3811,68.29,87,0,16.96
101,Constitucion,CL,2022-07-19- 23:02;37,-35.3333,-72.4167,49.53,75,4,7.23
102,Kalmunai,LK,2022-07-19- 23:00;32,7.4167,81.8167,78.12,85,68,4.45
103,Algiers,DZ,2022-07-19- 23:04;06,36.7525,3.042,77.05,79,1,4.74
104,Sao Filipe,CV,2022-07-19- 23:04;23,14.8961,-24.4956,77.76,82,57,7.92
105,Husavik,IS,2022-07-19- 23:04;24,66.0449,-17.3389,47.89,92,100,7.63
106,Yakima,US,2022-07-19- 23:04;24,46.4665,-120.6678,95.18,28,0,1.99
107,Saint-Francois,FR,2022-07-19- 23:04;25,46.4154,3.9054,78.24,61,1,4.61
108,Vanimo,PG,2022-07-19- 23:01;21,-2.6741,141.3028,78.35,85,92,3.58
109,Mahajanga,MG,2022-07-19- 23:04;25,-15.7167,46.3167,68.36,63,0,13.76
110,Bela,IN,2022-07-19- 23:04;25,25.9333,81.9833,85.03,71,76,6.26
111,Hithadhoo,MV,2022-07-19- 22:59;52,-0.6,73.0833,80.35,76,100,9.62
112,Fenelon Falls,CA,2022-07-19- 23:04;26,44.5334,-78.7496,84.81,58,56,11.03
113,Yellowknife,CA,2022-07-19- 23:04;26,62.456,-114.3525,63.25,72,100,10.33
114,Ahipara,NZ,2022-07-19- 23:04;27,-35.1667,173.1667,59.68,83,37,8.41
115,Sao Francisco Do Sul,BR,2022-07-19- 23:04;27,-26.2433,-48.6381,66.04,93,39,4.29
116,Port-Gentil,GA,2022-07-19- 23:04;27,-0.7193,8.7815,73.36,88,100,5.75
117,Deputatskiy,RU,2022-07-19- 22:59;53,69.3,139.9,33.31,98,100,4.14
118,Huambo,AO,2022-07-19- 23:04;28,-12.7761,15.7392,55.33,43,3,1.32
119,La Ronge,CA,2022-07-19- 23:04;28,55.1001,-105.2842,79.34,37,63,12.26
120,Adrar,MR,2022-07-19- 23:02;25,20.5022,-10.0711,94.96,7,0,11.39
121,Georgetown,MY,2022-07-19- 23:04;26,5.4112,100.3354,77.9,91,20,0.0
122,Dauriya,RU,2022-07-19- 23:04;29,49.9333,116.8667,71.17,44,24,4.32
123,Storozhevaya,RU,2022-07-19- 23:04;29,43.8789,41.4514,58.14,96,77,2.19
124,Mosetse,BW,2022-07-19- 23:04;29,-20.75,26.65,55.58,72,53,9.08
125,Saldanha,ZA,2022-07-19- 23:04;30,-33.0117,17.9442,55.13,69,0,14.65
126,Okhotsk,RU,2022-07-19- 23:04;30,59.3833,143.3,60.3,82,99,5.59
127,Chancay,PE,2022-07-19- 23:04;30,-11.5714,-77.2672,61.9,84,80,7.47
128,My Tho,VN,2022-07-19- 22:59;41,10.35,106.35,76.28,95,100,3.91
129,Leshukonskoye,RU,2022-07-19- 23:04;31,64.8989,45.7622,68.58,57,95,11.1
130,Tommot,RU,2022-07-19- 23:04;31,58.9564,126.2925,62.56,90,100,1.95
131,Pacific Grove,US,2022-07-19- 23:04;32,36.6177,-121.9166,84.24,80,0,11.5
132,Padang,ID,2022-07-19- 23:04;32,-0.9492,100.3543,76.69,89,83,2.17
133,Wanning,CN,2022-07-19- 23:05;32,18.8003,110.3967,80.55,89,95,4.5
134,Kralendijk,BQ,2022-07-19- 23:01;12,12.15,-68.2667,80.56,83,5,20.62
135,Iqaluit,CA,2022-07-19- 23:05;33,63.7506,-68.5145,40.69,100,100,1.99
136,Loandjili,CG,2022-07-19- 23:05;33,-4.7561,11.8578,69.8,87,35,5.28
137,Tuktoyaktuk,CA,2022-07-19- 22:59;54,69.4541,-133.0374,51.8,93,100,10.36
138,Kitimat,CA,2022-07-19- 23:05;33,54.0524,-128.6534,69.91,58,74,1.01
139,Phayao,TH,2022-07-19- 23:01;09,19.25,100.25,73.33,98,100,1.83
140,Asfi,MA,2022-07-19- 23:02;46,32.2994,-9.2372,71.08,80,6,17.36
141,Yaring,TH,2022-07-19- 23:05;34,6.8662,101.3689,77.61,86,100,9.31
142,Sabang,ID,2022-07-19- 23:05;34,5.8933,95.3214,82.49,75,100,22.41
143,Avarua,CK,2022-07-19- 23:05;35,-21.2078,-159.775,77.05,61,40,8.05
144,Narsaq,GL,2022-07-19- 23:05;35,60.9167,-46.05,48.76,90,100,3.02
145,Stephenville,US,2022-07-19- 23:02;45,32.2207,-98.2023,107.24,20,0,10.36
146,Ostersund,SE,2022-07-19- 23:05;35,63.1792,14.6357,55.62,82,100,8.05
147,Tingi,TZ,2022-07-19- 23:05;36,-11.3,35.0333,56.71,68,6,4.52
148,Tambura,SS,2022-07-19- 22:59;48,5.6,27.4667,67.98,92,100,2.95
149,Necochea,AR,2022-07-19- 23:05;36,-38.5473,-58.7368,47.32,50,3,12.68
150,Castro,BR,2022-07-19- 23:00;55,-24.7911,-50.0119,60.84,86,8,0.89
151,Mount Isa,AU,2022-07-19- 23:05;37,-20.7333,139.5,62.42,40,0,12.8
152,Bayan,CN,2022-07-19- 23:05;27,46.0833,127.4,71.69,81,3,3.09
153,Palauig,PH,2022-07-19- 23:05;37,15.435,119.9045,81.99,77,46,3.2
154,Vikindu,TZ,2022-07-19- 23:05;37,-7.0067,39.2985,69.46,89,7,7.4
155,Luis Gil Perez,MX,2022-07-19- 23:05;38,17.8667,-93.05,91.36,64,96,12.55
156,Palmares Do Sul,BR,2022-07-19- 23:05;38,-30.2578,-50.5097,55.99,82,34,5.08
157,Goderich,CA,2022-07-19- 23:05;38,43.7501,-81.7165,73.9,87,75,20.0
158,Urdoma,RU,2022-07-19- 23:05;39,61.7533,48.5442,57.38,98,97,5.1
159,Polunochnoye,RU,2022-07-19- 23:05;39,60.8697,60.4153,59.94,98,100,2.91
160,Rozkishne,UA,2022-07-19- 23:05;39,48.5074,39.3004,59.22,61,6,1.32
161,Ganassi,PH,2022-07-19- 23:05;40,7.8269,124.1034,70.74,92,96,1.25
162,Puerto Baquerizo Moreno,EC,2022-07-19- 23:05;40,-0.9,-89.6,70.41,81,58,14.05
163,Sechura,PE,2022-07-19- 23:05;40,-5.5569,-80.8222,68.85,67,73,14.94
164,Ilulissat,GL,2022-07-19- 22:59;51,69.2167,-51.1,44.17,82,91,2.84
165,Torbay,CA,2022-07-19- 23:05;31,47.6666,-52.7314,65.75,90,100,16.11
166,Kamyshevatskaya,RU,2022-07-19- 23:05;41,46.4132,37.9563,71.53,55,0,13.69
167,Yanam,IN,2022-07-19- 23:05;41,16.7333,82.2167,79.16,87,98,4.83
168,Borba,BR,2022-07-19- 23:05;42,-4.3878,-59.5939,83.84,51,76,0.45
169,Anadyr,RU,2022-07-19- 23:05;42,64.75,177.4833,45.1,87,75,17.9
170,Airai,TL,2022-07-19- 23:05;42,-8.9266,125.4092,56.28,65,49,2.48
171,Maarianhamina,AX,2022-07-19- 23:05;43,60.0973,19.9348,46.26,100,0,1.14
172,Griffith,US,2022-07-19- 23:05;43,41.5284,-87.4237,88.9,56,40,17.27
173,Arlit,NE,2022-07-19- 23:05;43,18.7369,7.3853,88.72,33,96,5.95
174,Itarema,BR,2022-07-19- 23:05;44,-2.9248,-39.9167,78.87,82,79,14.43
175,Placido De Castro,BR,2022-07-19- 23:05;44,-10.3353,-67.1856,80.53,48,43,3.22
176,Escanaba,US,2022-07-19- 23:05;44,45.7453,-87.0646,82.51,82,0,9.22
177,Padilla,CO,2022-07-19- 23:05;45,3.2204,-76.3139,80.17,70,94,1.83
178,Maple Valley,US,2022-07-19- 23:05;45,47.3927,-122.0464,84.94,51,0,11.5
179,Caravelas,BR,2022-07-19- 23:02;46,-17.7125,-39.2481,70.3,86,24,5.19
180,Norman Wells,CA,2022-07-19- 23:05;33,65.282,-126.8329,66.67,44,99,5.5
181,Guerrero Negro,MX,2022-07-19- 22:58;37,27.9769,-114.0611,81.75,46,45,14.18
182,Chuy,UY,2022-07-19- 23:06;46,-33.6971,-53.4616,45.59,86,0,5.41
183,Agirish,RU,2022-07-19- 23:06;46,61.9247,63.0231,58.44,66,47,5.73
184,Camacha,PT,2022-07-19- 23:06;46,33.0833,-16.3333,66.4,81,20,18.19
185,Nome,US,2022-07-19- 23:06;46,64.5011,-165.4064,46.17,76,100,12.66
186,Mahibadhoo,MV,2022-07-19- 23:06;47,3.7833,72.9667,82.02,77,100,14.99
187,Corrente,BR,2022-07-19- 23:06;47,-3.7367,-43.3394,76.95,60,64,2.17
188,Camopi,GF,2022-07-19- 23:06;47,3.1655,-52.3158,72.88,94,68,3.91
189,Rabat,MA,2022-07-19- 23:06;48,33.9911,-6.8401,72.05,93,0,0.0
190,Kaitangata,NZ,2022-07-19- 23:00;59,-46.2817,169.8464,44.91,77,98,6.29
191,Port Blair,IN,2022-07-19- 23:02;42,11.6667,92.75,80.87,84,100,11.9
192,Acapulco,MX,2022-07-19- 23:02;43,16.8634,-99.8901,89.42,66,40,6.91
193,Monster,NL,2022-07-19- 23:06;48,52.0258,4.175,84.11,44,0,8.05
194,Podporozhye,RU,2022-07-19- 23:06;49,60.9112,34.1706,52.2,90,100,5.73
195,Frunze,UA,2022-07-19- 23:06;49,48.6686,38.7544,59.7,60,22,0.13
196,Tura,IN,2022-07-19- 23:06;49,25.5198,90.2201,74.84,99,100,5.91
197,Khani,GE,2022-07-19- 23:06;50,41.9563,42.9566,56.77,99,99,1.32
198,Marana,US,2022-07-19- 23:04;36,32.4367,-111.2254,108.36,19,0,9.22
199,Praia Da Vitoria,PT,2022-07-19- 23:06;50,38.7333,-27.0667,71.76,97,33,8.08
200,Flinders,AU,2022-07-19- 23:02;44,-34.5833,150.8552,52.18,88,71,8.01
201,Ishigaki,JP,2022-07-19- 23:06;51,24.3448,124.1572,84.96,84,70,15.01
202,Ponta Do Sol,PT,2022-07-19- 23:06;51,32.6667,-17.1,72.23,81,3,5.39
203,Bongandanga,CD,2022-07-19- 23:06;51,1.5,21.05,69.55,99,81,1.63
204,Margate,GB,2022-07-19- 23:06;52,51.3813,1.3862,73.87,78,53,5.99
205,Hilo,US,2022-07-19- 22:58;32,19.7297,-155.09,87.28,83,20,4.0
206,Diffa,NE,2022-07-19- 23:06;52,13.3154,12.6113,86.74,48,13,8.61
207,Port Alfred,ZA,2022-07-19- 22:56;24,-33.5906,26.891,58.17,96,95,1.99
208,Buribay,RU,2022-07-19- 23:06;53,51.9617,58.1592,63.57,66,87,7.0
209,Taoudenni,ML,2022-07-19- 23:06;53,22.6783,-3.9836,96.85,17,1,7.11
210,Jiayuguan,CN,2022-07-19- 23:06;53,39.8167,98.3,70.27,30,64,1.25
211,Yueyang,CN,2022-07-19- 23:06;54,29.3333,113.0919,77.85,97,100,5.19
212,Otaru,JP,2022-07-19- 23:06;54,43.1894,141.0022,69.64,95,100,1.32
213,Kedrovyy,RU,2022-07-19- 23:06;54,56.1667,91.8167,55.87,98,93,6.96
214,Polessk,RU,2022-07-19- 23:06;55,54.862,21.1028,61.97,88,54,5.77
215,Quelimane,MZ,2022-07-19- 23:06;55,-17.8786,36.8883,67.59,93,0,3.51
216,Samana,DO,2022-07-19- 23:06;55,19.2056,-69.3369,78.76,80,2,9.55
217,Klaksvik,FO,2022-07-19- 23:06;56,62.2266,-6.589,50.92,93,68,11.48
218,Taybad,IR,2022-07-19- 23:06;56,34.74,60.7756,83.48,18,0,23.38
219,Dakar,SN,2022-07-19- 23:06;56,14.6937,-17.4441,83.28,83,86,10.67
220,Bambanglipuro,ID,2022-07-19- 23:06;56,-7.95,110.2833,71.73,91,75,4.03
221,Qui Nhon,VN,2022-07-19- 23:06;57,13.7667,109.2333,78.73,85,100,3.71
222,Turmalina,BR,2022-07-19- 23:06;57,-17.2856,-42.73,61.18,76,17,4.14
223,Akdepe,TM,2022-07-19- 23:06;57,42.0551,59.3788,88.34,25,0,7.99
224,Noshiro,JP,2022-07-19- 23:06;58,40.2039,140.0242,74.71,86,78,11.65
225,Qandala,SO,2022-07-19- 23:06;58,11.472,49.8728,89.62,48,100,18.61
226,Broken Hill,AU,2022-07-19- 23:06;58,-31.95,141.4333,44.46,64,88,13.29
227,Narayanavanam,IN,2022-07-19- 23:05;36,13.4167,79.5833,81.12,77,84,2.89
228,Ponta Delgada,PT,2022-07-19- 23:06;59,37.7333,-25.6667,70.52,88,75,8.05
229,Tucurui,BR,2022-07-19- 23:07;59,-3.7661,-49.6725,82.54,59,84,0.83
230,Meulaboh,ID,2022-07-19- 23:01;07,4.1363,96.1285,74.98,86,96,3.89
231,Rantoul,US,2022-07-19- 23:08;00,40.3084,-88.1559,86.45,58,0,8.05
232,Sapa,PH,2022-07-19- 23:08;00,5.1544,120.3241,81.63,79,47,5.79
233,Cortez,US,2022-07-19- 23:08;00,37.3489,-108.5859,95.76,17,0,14.97
234,Port Shepstone,ZA,2022-07-19- 23:08;01,-30.7414,30.455,64.45,40,0,8.86
235,Yar-Sale,RU,2022-07-19- 23:07;39,66.8333,70.8333,60.21,65,76,6.62
236,Yerbogachen,RU,2022-07-19- 23:08;01,61.2767,108.0108,62.4,76,88,5.35
237,Hasaki,JP,2022-07-19- 23:08;01,35.7333,140.8333,81.28,87,79,2.42
238,Kommunisticheskiy,RU,2022-07-19- 23:08;02,61.6789,64.4819,58.35,69,37,5.68
239,Los Llanos De Aridane,ES,2022-07-19- 22:59;46,28.6585,-17.9182,67.75,78,0,17.27
240,Codrington,AU,2022-07-19- 23:08;02,-38.2667,141.9667,38.46,87,8,5.59
241,Rock Springs,US,2022-07-19- 23:08;03,41.5875,-109.2029,85.44,18,100,19.57
242,Lorengau,PG,2022-07-19- 23:08;03,-2.0226,147.2712,81.75,77,100,6.04
243,Namatanai,PG,2022-07-19- 23:08;03,-3.6667,152.4333,81.54,72,100,5.28
244,Clyde River,CA,2022-07-19- 23:03;20,70.4692,-68.5914,37.13,93,100,5.08
245,Merrill,US,2022-07-19- 23:08;04,45.1805,-89.6835,84.11,64,40,14.97
246,Mahebourg,MU,2022-07-19- 23:00;05,-20.4081,57.7,68.25,69,53,24.11
247,Saint-Joseph,RE,2022-07-19- 23:08;04,-21.3667,55.6167,70.21,73,23,18.81
248,Monkey Bay,MW,2022-07-19- 23:08;05,-14.0728,34.9201,72.05,60,58,8.05
249,Miles City,US,2022-07-19- 23:08;05,46.4083,-105.8406,88.77,25,20,16.11
250,Damghan,IR,2022-07-19- 23:08;05,36.1683,54.348,78.64,44,0,2.8
251,Southbridge,US,2022-07-19- 23:08;06,42.0751,-72.0334,88.36,67,73,7.58
252,Akyab,MM,2022-07-19- 23:08;06,20.15,92.9,82.09,82,100,3.6
253,Fare,PF,2022-07-19- 23:08;06,-16.7,-151.0167,77.36,68,19,5.12
254,Krasnoselkup,RU,2022-07-19- 23:08;07,65.7,82.4667,55.47,66,95,9.19
255,Saint-Augustin,CA,2022-07-19- 23:08;07,51.226,-58.6502,58.06,91,100,13.67
256,Bengkulu,ID,2022-07-19- 23:07;29,-3.8004,102.2655,76.24,91,81,5.23
257,Bocas Del Toro,PA,2022-07-19- 23:04;21,9.3333,-82.25,81.3,80,100,5.79
258,Longyearbyen,SJ,2022-07-19- 23:01;09,78.2186,15.6401,49.84,87,75,10.36
259,Addanki,IN,2022-07-19- 23:08;08,15.8167,79.9833,83.32,74,81,4.63
260,Hobyo,SO,2022-07-19- 23:06;34,5.3505,48.5268,74.91,78,81,27.67
261,Mudanjiang,CN,2022-07-19- 23:08;08,44.5833,129.6,68.74,91,6,2.1
262,North Platte,US,2022-07-19- 23:08;09,41.1239,-100.7654,97.12,15,19,15.01
263,Spoleto,IT,2022-07-19- 23:08;09,42.7448,12.7374,74.08,41,0,4.94
264,Talara,PE,2022-07-19- 23:08;09,-4.5772,-81.2719,66.96,77,0,10.36
265,Soyo,AO,2022-07-19- 23:08;09,-6.1349,12.3689,69.78,93,75,7.92
266,Fengzhen,CN,2022-07-19- 23:08;10,40.4394,113.1536,66.74,56,83,0.87
267,Semey,KZ,2022-07-19- 23:08;10,50.4111,80.2275,57.42,82,0,2.24
268,Ugoofaaru,MV,2022-07-19- 23:08;11,5.6667,73.0,81.18,80,100,17.4
269,Umm Lajj,SA,2022-07-19- 23:08;11,25.0213,37.2685,86.11,63,3,10.38
270,Palana,RU,2022-07-19- 23:08;11,59.1167,159.9667,51.67,89,100,22.17
271,Rapid Valley,US,2022-07-19- 23:08;12,44.0625,-103.1463,89.73,24,0,24.16
272,Kidal,ML,2022-07-19- 23:08;12,18.4411,1.4078,84.63,50,68,16.22
273,Aquiraz,BR,2022-07-19- 23:08;12,-3.9014,-38.3911,79.18,84,42,8.5
274,Fairmont,US,2022-07-19- 23:05;32,39.4851,-80.1426,86.92,64,21,4.76
275,Argelia,CO,2022-07-19- 23:08;13,2.2556,-77.2488,69.35,85,67,0.96
276,Kamina,CD,2022-07-19- 23:09;13,-8.7386,24.9906,64.49,48,72,2.44
277,Hambantota,LK,2022-07-19- 23:09;13,6.1241,81.1185,77.7,86,90,12.93
278,Bandarbeyla,SO,2022-07-19- 23:09;14,9.4942,50.8122,75.38,78,23,32.68
279,Fairbanks,US,2022-07-19- 22:57;01,64.8378,-147.7164,55.02,88,75,5.75
280,Coquimbo,CL,2022-07-19- 23:09;14,-29.9533,-71.3436,53.33,100,75,4.61
281,Blackwater,AU,2022-07-19- 23:06;50,-23.5833,148.8833,61.81,57,3,10.47
282,Port Hedland,AU,2022-07-19- 23:09;15,-20.3167,118.5667,57.25,88,6,6.91
283,Arraial Do Cabo,BR,2022-07-19- 23:07;24,-22.9661,-42.0278,70.92,88,21,14.23
284,Nemuro,JP,2022-07-19- 23:09;15,43.3236,145.575,59.92,90,100,8.95
285,Formosa Do Rio Preto,BR,2022-07-19- 23:09;16,-11.0483,-45.1931,73.42,44,5,4.25
286,Barcelos,PT,2022-07-19- 23:09;16,41.5388,-8.6151,65.84,94,0,5.3
287,Vytegra,RU,2022-07-19- 23:09;16,61.0064,36.4481,58.84,77,100,13.96
288,Oranjemund,NA,2022-07-19- 23:09;17,-28.55,16.4333,53.87,83,0,15.41
289,Nanortalik,GL,2022-07-19- 23:09;17,60.1432,-45.2371,47.59,93,100,9.4
290,Jarocin,PL,2022-07-19- 23:09;18,51.9727,17.5026,68.38,51,50,6.31
291,Amahai,ID,2022-07-19- 23:09;18,-3.3333,128.9167,77.59,85,98,6.87
292,Shimoda,JP,2022-07-19- 23:09;18,34.6667,138.95,83.1,84,99,10.96
293,Waddan,LY,2022-07-19- 23:09;19,29.1614,16.139,78.06,50,0,12.91
294,Saint-Ambroise,CA,2022-07-19- 23:09;19,48.5501,-71.3324,70.57,70,38,13.2
295,Bol,TD,2022-07-19- 23:09;19,13.4586,14.7147,82.58,64,40,7.16
296,Annau,TM,2022-07-19- 23:09;20,37.8876,58.516,89.89,16,0,5.23
297,Alofi,NU,2022-07-19- 23:09;20,-19.0595,-169.9187,76.73,74,58,24.25
298,Umea,SE,2022-07-19- 23:09;20,63.8284,20.2597,53.91,82,0,5.75
299,Sao Joao Da Barra,BR,2022-07-19- 23:09;21,-21.6403,-41.0511,71.13,89,52,12.55
300,Ballina,AU,2022-07-19- 23:09;21,-28.8667,153.5667,54.79,99,94,15.26
301,Ahuimanu,US,2022-07-19- 23:09;21,21.4447,-157.8378,81.79,69,6,7.0
302,Lodwar,KE,2022-07-19- 23:09;22,3.1191,35.5973,79.03,49,67,14.03
303,Santa Rosa,PH,2022-07-19- 23:09;22,14.3122,121.1114,84.09,78,49,4.94
304,Annigeri,IN,2022-07-19- 23:09;22,15.4333,75.4333,70.57,91,79,11.1
305,Chebsara,RU,2022-07-19- 23:09;23,59.2002,38.8356,52.59,88,97,10.13
306,Nipawin,CA,2022-07-19- 23:09;23,53.3668,-104.0009,80.64,54,40,16.11
307,Bismarck,US,2022-07-19- 23:09;23,46.8083,-100.7837,78.64,62,75,32.21
308,Midland,US,2022-07-19- 23:09;11,31.9974,-102.0779,105.8,14,0,13.8
309,Chapais,CA,2022-07-19- 23:09;24,49.7834,-74.8492,65.39,52,76,8.28
310,Nueva Gerona,CU,2022-07-19- 23:09;24,21.8833,-82.8,85.48,63,7,5.68
311,Sungaipenuh,ID,2022-07-19- 23:06;32,-2.0833,101.3833,61.99,89,92,2.08
312,Yukamenskoye,RU,2022-07-19- 23:09;25,57.8865,52.2416,55.18,92,61,12.1
313,Bairiki,KI,2022-07-19- 23:09;25,1.3292,172.9752,86.0,74,75,12.66
314,Sakakah,SA,2022-07-19- 23:09;25,29.9697,40.2064,93.96,13,19,10.13
315,Kiama,AU,2022-07-19- 23:09;26,-34.6833,150.8667,52.38,92,87,5.01
316,Severo-Kurilsk,RU,2022-07-19- 23:07;18,50.6789,156.125,52.11,96,99,15.88
317,Ribeira Grande,PT,2022-07-19- 23:09;26,38.5167,-28.7,72.7,87,7,6.13
318,Crnomelj,SI,2022-07-19- 23:09;27,45.5711,15.1889,64.4,54,0,3.38
319,Hasanabad,IR,2022-07-19- 23:09;27,36.5465,61.0543,83.37,20,0,10.02
320,Mpongwe,ZM,2022-07-19- 23:08;53,-13.5091,28.155,59.58,64,65,6.51
321,Broome,US,2022-07-19- 23:10;27,42.2506,-75.833,86.68,60,20,6.91
322,Aswan,EG,2022-07-19- 23:10;28,24.0934,32.907,89.15,21,2,8.52
323,Haines Junction,CA,2022-07-19- 23:10;28,60.7522,-137.5108,53.64,72,100,6.82
324,Bukachacha,RU,2022-07-19- 23:10;28,52.9833,116.9167,69.94,56,44,2.37
325,Hovd,MN,2022-07-19- 23:07;56,48.0056,91.6419,56.34,59,96,1.61
326,Alice Springs,AU,2022-07-19- 23:09;42,-23.7,133.8833,47.75,57,40,4.61
327,Oranjestad,AW,2022-07-19- 23:10;29,12.524,-70.027,82.35,74,20,18.41
328,Vardo,NO,2022-07-19- 23:01;05,70.3705,31.1107,53.44,90,100,6.91
329,Malumfashi,NG,2022-07-19- 23:10;29,11.7853,7.6218,74.03,73,61,7.94
330,Bambous Virieux,MU,2022-07-19- 23:10;30,-20.3428,57.7575,70.05,56,75,25.32
331,Keningau,MY,2022-07-19- 23:10;30,5.3378,116.1602,72.41,97,56,1.12
332,Petropavl,KZ,2022-07-19- 23:10;31,54.8753,69.1628,61.9,90,100,7.9
333,Pelym,RU,2022-07-19- 23:10;31,61.0108,61.9978,59.85,84,100,3.74
334,Svetlaya,RU,2022-07-19- 23:10;31,46.5389,138.3297,64.72,84,98,6.71
335,Timberlake,US,2022-07-19- 23:10;32,37.3207,-79.2575,86.63,72,100,8.05
336,San Juan,AR,2022-07-19- 23:10;32,-31.5375,-68.5364,54.28,32,0,3.09
337,Lesosibirsk,RU,2022-07-19- 23:10;32,58.2358,92.4828,54.75,99,100,4.61
338,Luba,GQ,2022-07-19- 23:10;33,3.4568,8.5547,76.24,83,58,9.06
339,Araceli,PH,2022-07-19- 23:10;33,10.5529,119.9913,81.39,71,23,1.43
340,Svetlyy,RU,2022-07-19- 23:10;33,54.675,20.1347,61.97,85,76,3.6
341,Keetmanshoop,NA,2022-07-19- 23:10;34,-26.5833,18.1333,50.11,66,4,7.34
342,Prince Rupert,CA,2022-07-19- 23:10;34,54.3161,-130.3201,55.6,92,98,3.09
343,Aden,YE,2022-07-19- 23:10;34,12.7794,45.0367,82.78,77,99,12.26
344,Pisco,PE,2022-07-19- 23:10;35,-13.7,-76.2167,62.02,82,20,6.91
345,Kurilsk,RU,2022-07-19- 23:10;35,45.2333,147.8833,56.35,89,97,5.39
346,Laguna,US,2022-07-19- 23:10;35,38.421,-121.4238,104.76,14,0,14.97
347,Salacgriva,LV,2022-07-19- 23:10;36,57.7536,24.3581,60.21,71,5,13.31
348,Dukat,RU,2022-07-19- 23:10;36,62.55,155.55,53.17,91,100,8.68
349,Kropotkin,RU,2022-07-19- 23:10;36,45.4375,40.5756,61.0,92,13,4.09
350,Gorontalo,ID,2022-07-19- 23:10;37,0.5412,123.0595,76.32,89,97,1.74
351,Conde,BR,2022-07-19- 23:10;37,-7.2597,-34.9075,70.97,86,8,10.49
352,Sobolevo,RU,2022-07-19- 23:10;37,54.4299,31.8996,54.25,95,70,8.03
353,Chifeng,CN,2022-07-19- 23:08;05,42.2683,118.9636,75.47,58,100,0.87
354,Gobabis,NA,2022-07-19- 23:06;28,-22.45,18.9667,48.94,46,0,12.71
355,Mayo,US,2022-07-19- 23:10;38,38.8876,-76.5119,91.0,67,0,3.44
356,Carnot,CF,2022-07-19- 23:10;38,4.9409,15.8665,68.5,99,100,1.36
357,San Cristobal,VE,2022-07-19- 23:10;38,7.7669,-72.225,77.18,89,59,4.83
358,Kampot,KH,2022-07-19- 23:10;39,10.6167,104.1833,78.85,86,100,6.04
359,Fallon,US,2022-07-19- 23:10;39,39.4735,-118.7774,84.92,28,35,28.34
360,Faya,SA,2022-07-19- 23:10;39,18.3851,42.4509,68.52,56,100,3.56
361,Dese,ET,2022-07-19- 23:10;40,11.1333,39.6333,57.07,82,100,0.65
362,Pasni,PK,2022-07-19- 23:10;40,25.2631,63.471,83.3,89,84,11.16
363,Richards Bay,ZA,2022-07-19- 23:01;08,-28.783,32.0377,64.22,62,0,3.42
364,Dikson,RU,2022-07-19- 23:10;41,73.5069,80.5464,49.82,77,74,12.77
365,Zhezkazgan,KZ,2022-07-19- 23:11;41,47.8043,67.7144,74.75,26,1,9.08
366,Krasnyye Tkachi,RU,2022-07-19- 23:11;41,57.4926,39.7563,58.82,80,87,9.62
367,Dongying,CN,2022-07-19- 23:11;42,37.4564,118.4856,78.57,51,100,6.89
368,Harper,LR,2022-07-19- 23:11;42,4.375,-7.7169,73.98,72,90,7.78
369,Nelson Bay,AU,2022-07-19- 23:11;42,-32.7167,152.15,54.0,97,98,3.87
370,Birao,CF,2022-07-19- 23:11;43,10.2849,22.7882,72.23,92,100,5.21
371,Halifax,CA,2022-07-19- 23:07;17,44.6453,-63.5724,71.53,93,98,8.99
372,Maridi,SS,2022-07-19- 23:11;43,4.9158,29.4742,65.44,95,94,3.87
373,Comodoro Rivadavia,AR,2022-07-19- 23:11;44,-45.8667,-67.5,49.08,63,12,42.5
374,San Jose,US,2022-07-19- 23:06;46,37.3394,-121.895,95.58,39,0,13.8
375,Bagdarin,RU,2022-07-19- 23:11;44,54.4333,113.6,64.15,79,76,1.41
376,Bitung,ID,2022-07-19- 23:11;44,1.4451,125.1824,81.45,80,97,5.12
377,Rocha,UY,2022-07-19- 23:11;45,-34.4833,-54.3333,43.16,91,0,5.97
378,Ust-Ishim,RU,2022-07-19- 23:11;45,57.6935,71.1665,58.84,83,93,2.01
379,Barranca De Upia,CO,2022-07-19- 23:11;45,4.5696,-72.9668,72.7,95,94,2.77
380,Cascais,PT,2022-07-19- 23:11;46,38.6979,-9.4215,69.48,71,0,21.0
381,College,US,2022-07-19- 23:11;46,64.8569,-147.8028,55.72,87,100,6.91
382,Araguacu,BR,2022-07-19- 23:11;46,-12.9306,-49.8264,78.71,37,7,2.89
383,Pestretsy,RU,2022-07-19- 23:11;47,55.7531,49.6545,55.54,94,2,8.14
384,Nicoya,CR,2022-07-19- 23:11;47,10.1483,-85.452,77.94,91,100,1.86
385,Ancud,CL,2022-07-19- 23:11;47,-41.8697,-73.8203,52.23,97,100,20.74
386,Rovaniemi,FI,2022-07-19- 23:11;48,66.5,25.7167,56.61,88,0,8.05
387,Zyryanka,RU,2022-07-19- 23:11;48,65.75,150.85,47.14,54,100,12.35
388,Port Augusta,AU,2022-07-19- 23:11;48,-32.5,137.7667,42.57,66,42,4.09
389,Baykit,RU,2022-07-19- 23:11;49,61.67,96.37,55.74,93,73,2.19
390,Port Lincoln,AU,2022-07-19- 23:11;49,-34.7333,135.8667,50.29,66,98,9.06
391,Ostroda,PL,2022-07-19- 23:11;49,53.6967,19.9649,58.12,81,40,4.09
392,Malatya,TR,2022-07-19- 23:11;50,38.5,38.0,69.85,43,0,4.61
393,Norilsk,RU,2022-07-19- 23:11;50,69.3535,88.2027,52.43,55,50,3.83
394,Kalevala,RU,2022-07-19- 23:11;51,65.2,31.1667,54.32,92,100,10.38
395,Jamadoba,IN,2022-07-19- 23:11;51,23.7167,86.4,81.77,72,100,8.86
396,Lompoc,US,2022-07-19- 23:07;50,34.6391,-120.4579,98.02,60,0,12.66
397,Alto Araguaia,BR,2022-07-19- 23:11;51,-17.3147,-53.2153,69.94,30,55,3.56
398,Upernavik,GL,2022-07-19- 23:09;13,72.7868,-56.1549,45.52,74,100,1.81
399,Mayya,RU,2022-07-19- 23:11;52,61.7333,130.2811,65.52,69,100,4.05
400,Socoltenango,MX,2022-07-19- 23:11;52,16.2167,-92.25,74.46,58,54,11.45
401,Vila,PT,2022-07-19- 23:07;13,42.0304,-8.1588,56.28,80,0,3.38
402,Pyay,MM,2022-07-19- 23:11;53,18.8167,95.2167,78.39,84,100,3.96
403,Abu Kamal,SY,2022-07-19- 23:11;53,34.4506,40.9171,92.86,12,0,6.49
404,Turtas,RU,2022-07-19- 23:11;54,58.9417,69.1325,58.41,71,47,3.36
405,Kenai,US,2022-07-19- 23:11;54,60.5544,-151.2583,53.69,92,100,16.11
406,Grand Gaube,MU,2022-07-19- 23:11;54,-20.0064,57.6608,66.38,71,59,11.99
407,Araouane,ML,2022-07-19- 23:11;54,18.9048,-3.5265,89.89,41,100,10.45
408,Naze,JP,2022-07-19- 23:12;55,28.3667,129.4833,81.7,85,100,14.58
409,Qinnan,CN,2022-07-19- 23:12;55,33.2531,119.9133,77.5,96,100,6.29
410,Cabedelo,BR,2022-07-19- 23:12;56,-6.9811,-34.8339,74.07,83,4,14.12
411,Bratsk,RU,2022-07-19- 23:12;56,56.1325,101.6142,53.35,83,96,3.29
412,Saint-Pierre,RE,2022-07-19- 23:12;56,-21.3393,55.4781,71.29,51,7,3.0
413,Mayumba,GA,2022-07-19- 23:12;57,-3.432,10.6554,69.89,91,83,3.09
414,Khatanga,RU,2022-07-19- 23:12;57,71.9667,102.5,44.04,59,99,18.57
415,Banjarmasin,ID,2022-07-19- 23:12;58,-3.3244,114.591,73.54,95,61,2.84
416,Rio Grande,BR,2022-07-19- 23:08;47,-32.035,-52.0986,49.95,85,0,6.98
417,Carauari,BR,2022-07-19- 23:12;58,-4.8828,-66.8958,79.52,67,75,1.1
418,Olafsvik,IS,2022-07-19- 23:12;58,64.8945,-23.7142,52.27,79,75,6.91
419,Paamiut,GL,2022-07-19- 23:12;59,61.994,-49.6678,44.65,97,100,5.06
420,Garissa,KE,2022-07-19- 23:12;59,-0.4536,39.6401,71.51,80,62,17.18
421,Fortuna,US,2022-07-19- 23:13;00,40.5982,-124.1573,61.99,71,32,7.31
422,Prabumulih,ID,2022-07-19- 23:13;01,-3.45,104.25,73.08,99,75,2.89
423,Vostok,RU,2022-07-19- 23:13;01,46.4856,135.8833,67.66,80,86,0.76
424,Moose Factory,CA,2022-07-19- 23:13;02,51.2585,-80.6094,60.37,69,100,4.5
425,Boden,SE,2022-07-19- 23:13;03,65.8252,21.6886,49.39,95,9,3.96
426,Hirara,JP,2022-07-19- 23:13;03,24.8,125.2833,84.9,84,51,14.03
427,Mackay,AU,2022-07-19- 23:13;04,-21.15,149.2,65.7,82,41,11.79
428,Tancheng,CN,2022-07-19- 23:13;04,27.4375,115.4976,80.02,87,75,3.78
429,Cabo San Lucas,MX,2022-07-19- 23:09;24,22.8909,-109.9124,93.61,72,40,9.22
430,Hwange,ZW,2022-07-19- 23:13;04,-18.3693,26.5019,63.36,51,80,3.76
431,Kaoma,ZM,2022-07-19- 23:13;05,-14.7833,24.8,55.18,59,63,3.58
432,Coahuayana,MX,2022-07-19- 23:13;05,18.7333,-103.6833,88.5,65,97,6.29
433,Rawson,AR,2022-07-19- 23:13;06,-43.3002,-65.1023,55.0,47,100,26.6
434,Marsabit,KE,2022-07-19- 23:13;06,2.3284,37.9899,60.35,72,65,22.26
435,Atlantic City,US,2022-07-19- 23:12;23,39.3643,-74.4229,89.78,47,0,12.66
436,Korla,CN,2022-07-19- 23:13;07,41.7597,86.1469,74.17,38,100,12.3
437,Touros,BR,2022-07-19- 23:13;07,-5.1989,-35.4608,74.73,81,26,14.12
438,Erenhot,CN,2022-07-19- 23:13;08,43.6475,111.9767,76.19,34,73,4.61
439,Tazovskiy,RU,2022-07-19- 23:13;08,67.4667,78.7,49.59,75,14,14.58
440,Saint-Philippe,RE,2022-07-19- 23:13;08,-21.3585,55.7679,71.22,75,44,19.64
441,Kochki,RU,2022-07-19- 23:13;09,54.3358,80.4806,53.44,93,2,4.83
442,Leova,MD,2022-07-19- 23:13;09,46.4786,28.2553,67.64,48,94,3.22
443,Maryborough,AU,2022-07-19- 23:13;09,-25.5333,152.7,62.11,88,97,10.94
444,Elko,US,2022-07-19- 23:13;10,41.0002,-115.5012,87.82,25,69,15.99
445,Porto Seguro,BR,2022-07-19- 23:13;10,-16.4497,-39.0647,72.12,94,75,2.3
446,Vincennes,FR,2022-07-19- 23:13;11,48.85,2.4333,79.36,58,0,9.22
447,Esperance,AU,2022-07-19- 23:11;07,-33.8667,121.9,53.73,88,97,11.1
448,San Ignacio,BZ,2022-07-19- 23:13;11,17.1561,-89.0714,87.67,51,41,8.95
449,Pedro Ii,BR,2022-07-19- 23:13;11,-4.4247,-41.4586,78.3,44,94,3.09
450,Vezirkopru,TR,2022-07-19- 23:13;12,41.1436,35.4547,57.69,91,1,2.19
451,Kutum,SD,2022-07-19- 23:11;22,14.2,24.6667,76.51,62,17,14.85
452,Souillac,MU,2022-07-19- 23:13;12,-20.5167,57.5167,70.18,56,75,25.32
453,Lagos,NG,2022-07-19- 23:14;12,6.5833,3.75,73.69,83,70,5.86
454,Vila Velha,BR,2022-07-19- 23:11;02,-20.3297,-40.2925,71.53,85,13,5.7
455,Hervey Bay,AU,2022-07-19- 23:14;13,-25.2986,152.8535,62.02,92,92,11.01
456,Shunyi,CN,2022-07-19- 23:14;13,40.125,116.6453,78.75,83,63,2.24
457,Stonewall,CA,2022-07-19- 23:10;12,50.1344,-97.3268,69.71,94,99,8.19
458,South Venice,US,2022-07-19- 23:14;14,27.0531,-82.4243,91.15,67,0,6.91
459,Fukue,JP,2022-07-19- 23:14;14,32.6881,128.8419,79.09,92,98,7.07
460,Beinamar,TD,2022-07-19- 23:14;14,8.6698,15.3813,68.88,96,90,3.15
461,Beloha,MG,2022-07-19- 23:13;29,-25.1667,45.05,63.59,57,0,11.9
462,Berlevag,NO,2022-07-19- 23:14;15,70.8578,29.0864,55.2,94,100,10.36
463,La Asuncion,VE,2022-07-19- 23:14;15,11.0333,-63.8628,78.42,84,9,11.16
464,Egvekinot,RU,2022-07-19- 23:14;15,66.3167,-179.1667,44.82,69,99,5.26
465,Geraldton,AU,2022-07-19- 23:14;16,-28.7667,114.6,55.81,88,100,3.44
466,Nalut,LY,2022-07-19- 23:14;16,30.3333,10.85,82.18,19,0,9.22
467,Imola,IT,2022-07-19- 23:14;17,44.3523,11.7158,77.74,37,0,3.67
468,Tessalit,ML,2022-07-19- 23:14;17,20.1986,1.0114,88.47,39,96,8.05
469,Tougue,GN,2022-07-19- 23:14;17,11.4667,-11.6,66.97,98,100,3.98
470,Mechanicsville,US,2022-07-19- 23:09;41,37.6088,-77.3733,92.16,60,66,3.18
471,Kungurtug,RU,2022-07-19- 23:14;18,50.5994,97.5228,45.12,88,58,1.54
472,Hualmay,PE,2022-07-19- 23:14;18,-11.0964,-77.6139,63.66,79,57,9.75
473,Alamosa,US,2022-07-19- 23:14;19,37.4695,-105.87,78.78,34,40,19.57
474,Tarabha,IN,2022-07-19- 23:14;19,20.7333,83.65,77.47,89,97,5.7
475,Tarakan,ID,2022-07-19- 23:14;20,3.3,117.6333,80.1,94,40,5.75
476,Semenivka,UA,2022-07-19- 23:14;20,52.1783,32.5818,55.02,94,9,6.78
477,Burnie,AU,2022-07-19- 23:14;21,-41.0667,145.9167,37.94,71,0,3.8
478,Derby,GB,2022-07-19- 23:14;21,52.9228,-1.4766,82.72,42,0,6.91
479,Sumenep,ID,2022-07-19- 23:14;21,-7.0167,113.8667,77.07,83,54,9.6
480,Cayenne,GF,2022-07-19- 23:14;22,4.9333,-52.3333,76.08,1,100,3.44
481,Derzhavinsk,KZ,2022-07-19- 23:14;22,51.1,66.3167,73.81,43,83,12.24
482,Cidreira,BR,2022-07-19- 23:11;15,-30.1811,-50.2056,58.78,83,84,5.48
483,Mozaceni,RO,2022-07-19- 23:14;22,44.5667,25.1667,69.31,37,4,6.6
484,Luderitz,NA,2022-07-19- 23:14;23,-26.6481,15.1594,56.86,67,1,19.44
485,Puerto Del Rosario,ES,2022-07-19- 23:14;23,28.5004,-13.8627,76.75,69,0,14.97
486,Tandil,AR,2022-07-19- 23:10;07,-37.3217,-59.1332,46.69,52,22,8.72
487,New London,US,2022-07-19- 23:12;54,41.4834,-72.0662,88.68,59,0,10.36
488,Vikravandi,IN,2022-07-19- 23:14;24,12.0333,79.55,81.9,72,69,7.85
489,Urucui,BR,2022-07-19- 23:14;25,-7.2294,-44.5561,80.11,38,10,5.84
490,Phangnga,TH,2022-07-19- 23:14;25,8.4509,98.5298,82.44,93,100,3.22
491,Swan Hill,AU,2022-07-19- 23:14;26,-35.3378,143.5544,42.31,62,83,11.7
492,Xining,CN,2022-07-19- 23:10;56,36.6167,101.7667,48.79,79,1,2.93
493,Bukama,CD,2022-07-19- 23:14;27,-9.2,25.85,70.66,46,8,1.68
494,Marquette,US,2022-07-19- 23:09;51,46.5333,-87.6335,81.82,66,93,12.91
495,Gari,RU,2022-07-19- 23:14;27,59.4307,62.3497,61.79,98,99,5.55
496,Pandan,PH,2022-07-19- 23:14;28,14.0453,124.1694,83.39,81,40,7.31
497,Bam,IR,2022-07-19- 23:14;28,29.106,58.357,89.91,11,57,13.98
498,Brawley,US,2022-07-19- 23:15;28,32.9787,-115.5303,116.49,23,20,3.44
499,Xuzhou,CN,2022-07-19- 23:15;29,34.1805,117.1571,75.43,96,100,3.6
500,Tuatapere,NZ,2022-07-19- 23:14;55,-46.1333,167.6833,43.56,85,93,3.36
501,Asyut,EG,2022-07-19- 23:15;29,27.181,31.1837,87.39,23,0,4.43
502,Emba,KZ,2022-07-19- 23:15;29,48.8264,58.1442,75.97,34,27,10.96
503,Alanya,TR,2022-07-19- 23:15;30,36.5438,31.9998,78.93,54,0,5.01
504,Nampula,MZ,2022-07-19- 23:15;30,-15.1165,39.2666,64.35,88,0,2.3
505,Limbang,MY,2022-07-19- 23:15;30,4.75,115.0,74.53,94,66,1.39
506,Searcy,US,2022-07-19- 23:15;23,35.2506,-91.7363,95.0,55,0,14.97
507,Arman,RU,2022-07-19- 23:15;31,59.7,150.1667,60.6,81,62,4.88
508,Bathsheba,BB,2022-07-19- 23:15;31,13.2167,-59.5167,81.21,93,40,14.97
509,Jinotega,NI,2022-07-19- 23:15;31,13.0917,-86.0018,74.68,83,75,11.5
510,Krasnogorodsk,RU,2022-07-19- 23:15;32,56.8357,28.2822,55.85,96,42,7.85
511,Maiduguri,NG,2022-07-19- 23:15;32,11.8464,13.1603,77.5,78,100,10.49
512,Aksarka,RU,2022-07-19- 23:15;32,66.5606,67.7975,54.59,77,4,5.7
513,Ust-Kan,RU,2022-07-19- 23:15;33,50.9276,84.761,42.3,90,51,2.1
514,Henniker,US,2022-07-19- 23:15;33,43.1798,-71.8223,87.67,62,31,12.37
515,Izhma,RU,2022-07-19- 23:15;33,65.0083,53.9113,64.58,66,5,8.86
516,Turiacu,BR,2022-07-19- 23:15;34,-1.6633,-45.3717,74.37,90,92,3.78
517,Itatiaia,BR,2022-07-19- 23:15;34,-22.4961,-44.5633,67.08,76,2,1.86
518,Svetlogorsk,BY,2022-07-19- 23:15;34,52.6333,29.7333,56.03,95,7,6.17
519,Westport,US,2022-07-19- 23:15;34,41.1415,-73.3579,91.38,61,0,6.91
520,Sioux Lookout,CA,2022-07-19- 23:15;33,50.1001,-91.917,78.87,65,75,11.5
521,Tautira,PF,2022-07-19- 23:15;35,-17.7333,-149.15,76.44,68,12,2.73
522,Wakkanai,JP,2022-07-19- 23:15;35,45.4094,141.6739,62.35,86,92,19.66
523,Mana,GF,2022-07-19- 23:15;36,5.6592,-53.7767,77.74,85,87,8.1
524,Terrace,CA,2022-07-19- 23:15;36,54.5163,-128.6035,66.11,55,75,3.44
525,Abdanan,IR,2022-07-19- 23:15;36,32.9926,47.4198,88.45,15,0,10.31
526,Cacimbinhas,BR,2022-07-19- 23:15;37,-9.4003,-36.9903,65.7,96,14,5.53
527,Ponnani,IN,2022-07-19- 23:15;37,10.767,75.9252,77.27,90,93,8.95
528,Show Low,US,2022-07-19- 23:15;37,34.2542,-110.0298,84.49,30,40,18.41
529,Nantucket,US,2022-07-19- 23:12;02,41.2835,-70.0995,79.09,84,16,24.47
530,Mitsamiouli,KM,2022-07-19- 23:15;38,-11.3847,43.2844,76.14,65,1,10.87
531,Aripuana,BR,2022-07-19- 23:15;38,-9.1667,-60.6333,77.95,41,0,2.21
532,Gizo,SB,2022-07-19- 23:15;38,-8.103,156.8419,82.94,69,36,4.68
533,Fairfield,US,2022-07-19- 23:13;20,41.2668,-73.3162,88.65,60,0,6.91
534,Zhigansk,RU,2022-07-19- 23:15;39,66.7697,123.3711,43.23,69,81,20.62
535,Chikwawa,MW,2022-07-19- 23:15;39,-16.0335,34.8009,66.18,80,16,0.87
536,Litija,SI,2022-07-19- 23:15;39,46.0586,14.8225,66.96,66,0,2.84
537,Mehamn,NO,2022-07-19- 23:15;40,71.0357,27.8492,53.51,100,100,4.61
538,Longhua,CN,2022-07-19- 23:15;40,23.6137,114.1919,80.26,85,94,1.28
539,Waipawa,NZ,2022-07-19- 23:15;40,-41.4122,175.5153,52.05,91,62,0.58
540,Kibre Mengist,ET,2022-07-19- 23:15;41,5.8833,38.9833,57.79,86,98,3.09
541,Tulum,MX,2022-07-19- 23:15;41,20.2167,-87.4667,86.23,63,13,6.93
542,Olinda,BR,2022-07-19- 23:15;41,-8.0089,-34.8553,74.93,83,40,9.22
543,Marolambo,MG,2022-07-19- 23:15;42,-20.05,48.1167,59.58,98,97,1.79
544,Kawalu,ID,2022-07-19- 23:15;42,-7.3817,108.2082,70.25,94,95,1.92
545,Vila Franca Do Campo,PT,2022-07-19- 23:15;42,37.7167,-25.4333,70.21,87,71,5.06
546,Stevens Point,US,2022-07-19- 23:15;43,44.5236,-89.5746,84.47,71,51,7.0
547,Joshimath,IN,2022-07-19- 23:16;43,30.5667,79.5667,72.41,93,95,0.74
548,Sibolga,ID,2022-07-19- 23:16;43,1.7427,98.7792,75.79,91,81,2.28
549,Eregli,TR,2022-07-19- 23:16;44,37.5133,34.0467,65.98,61,0,3.58
550,Ca Mau,VN,2022-07-19- 23:15;59,9.1769,105.15,78.42,92,100,4.5
551,Praia,CV,2022-07-19- 23:12;18,14.9215,-23.5087,77.14,90,94,10.22
552,Shahrud,IR,2022-07-19- 23:16;44,36.4182,54.9763,74.03,48,0,7.78
553,Stokmarknes,NO,2022-07-19- 23:16;45,68.5646,14.9108,49.98,87,100,6.91
554,Sheltozero,RU,2022-07-19- 23:16;45,61.3667,35.3667,59.72,69,100,15.48
555,Wajir,KE,2022-07-19- 23:16;45,1.7471,40.0573,72.48,66,84,14.9
556,Punta Alta,AR,2022-07-19- 23:16;46,-38.8759,-62.0736,54.14,40,1,19.62
557,Bud,US,2022-07-19- 23:16;46,39.447,-86.1758,88.32,64,50,3.11
558,Boca Do Acre,BR,2022-07-19- 23:16;46,-8.7522,-67.3978,79.9,50,26,2.17
559,Aasiaat,GL,2022-07-19- 23:16;47,68.7098,-52.8699,39.65,98,100,7.54
